{"cameraMode":{"drawMode":0,"name":"Shaded","section":"Shading Mode"},"sceneLighting":true,"audioPlay":false,"sceneViewState":{"showFog":true,"showMaterialUpdate":false,"showSkybox":true,"showFlares":true,"showImageEffects":true,"showParticleSystems":true},"in2DMode":false,"pivot":{"x":210.66038513183595,"y":118.0,"z":0.1532115787267685},"rotation":{"x":0.07809632271528244,"y":-0.05829201638698578,"z":0.004574058577418327,"w":0.9952324032783508},"size":596.7447509765625,"orthographic":false}