{"cameraMode":{"drawMode":0,"name":"Shaded","section":"Shading Mode"},"sceneLighting":false,"audioPlay":false,"sceneViewState":{"showFog":true,"showMaterialUpdate":false,"showSkybox":false,"showFlares":true,"showImageEffects":true,"showParticleSystems":true},"in2DMode":false,"pivot":{"x":7.763529300689697,"y":-15.379671096801758,"z":9.430538177490235},"rotation":{"x":-0.1484774500131607,"y":0.6921343207359314,"z":-0.14883208274841309,"w":-0.6904760599136353},"size":2.2463982105255129,"orthographic":false}