{"cameraMode":{"drawMode":0,"name":"Shaded","section":"Shading Mode"},"sceneLighting":false,"audioPlay":false,"sceneViewState":{"showFog":true,"showMaterialUpdate":false,"showSkybox":false,"showFlares":true,"showImageEffects":true,"showParticleSystems":true},"in2DMode":false,"pivot":{"x":-1.8319339752197266,"y":-6.54036808013916,"z":6.410118103027344},"rotation":{"x":0.07809632271528244,"y":-0.05829201638698578,"z":0.004574058577418327,"w":0.9952324032783508},"size":2.8578836917877199,"orthographic":false}